,category,image_url,title
0,Hunting,https://i5.walmartimages.com/seo/ESPN-XR3-Official-Match-Size-Football-with-Anti-Skid-Composite-Material_65f2d387-d405-4117-8284-ca8222524a11.bb559546b9ed685f99d8218d935bed71.jpeg?odnHeight=180&odnWidth=180&odnBg=fffff,ESPN XR3 Official Match Size Football with Anti-Skid Composite Material
1,Hunting,https://i5.walmartimages.com/seo/VAVSEA-Binoculars-20x50-Binoculars-Adults-Compact-HD-High-Powered-Low-Night-Vision-28mm-Large-Field-BAK4-Prism-FMC-Lens-Hunting-Bird-Watching-Sports_d9fc86fd-50c9-49ac-ab6e-267d7911ccd9.1aa89e0640b7887b3548c7b024d0c753.jpeg?odnHeight=180&odnWidth=180&odnBg=fffff,"VAVSEA Binoculars, 20x50 Binoculars for Adults, Compact HD High Powered Binoculars with Low Night Vision 28mm Large Field Binoculars with BAK4 Prism FMC Lens for Hunting Bird Watching Sports"
2,Hunting,https://i5.walmartimages.com/seo/Spalding-Super-Tack-Pro-Indoor-and-Outdoor-Basketball-29-5-In_f9c0091f-21c7-4ad9-8384-1ead9a98cc46.4e54e6e5b53ef399e595c59d19113ee0.jpeg?odnHeight=180&odnWidth=180&odnBg=fffff,"Spalding Super Tack Pro Indoor and Outdoor Basketball, 29.5 In."
3,Hunting,https://i5.walmartimages.com/seo/Spalding-Max-Grip-TF-Indoor-Outdoor-Basketball-29-5-In_7e6fb21f-03fe-41ab-9b02-56dab4a29366.ffc0a1c9873f7c397ee7c52e4259ccf0.jpeg?odnHeight=180&odnWidth=180&odnBg=fffff,Spalding Max Grip TF Indoor-Outdoor Basketball 29.5 In.
4,Hunting,https://i5.walmartimages.com/asr/32de8552-005c-4336-aa61-c9a43d56e747.d712aededb42ab409ca648e0606df0de.png?odnHeight=180&odnWidth=180&odnBg=ffffff,"60L Hiking Backpack with Shoes Compartment, Lightweight Travel Daypack, Tear Resistant, Outdoor Sport Large Capacity Rucksack for Men Women Climbing, Camping, Touring, Hiking, Travel"
5,Hunting,https://i5.walmartimages.com/asr/e17d9f68-4b90-45f3-8b29-56e58a6dd169.bc244557117720f165d28b203523a3ea.jpeg?odnHeight=180&odnWidth=180&odnBg=ffffff,"90000 Lumens Powerful Flashlight, USB Rechargeable Waterproof XHP70 Searchlight Super Bright 5 Modes LED Flashlight Zoom Bar Torch for Hiking Hunting Camping Outdoor Sport (Battery Included)"
6,Hunting,https://i5.walmartimages.com/seo/Large-Travel-Backpack-Women-Carry-On-Backpack-Men-Hiking-Backpack-Waterproof-Outdoor-Sports-Rucksack-Casual-Daypack-School-Laptop-Bag_42c8769a-ea92-4146-ab00-ef53e49ce903.cce18d2c2c17a8ed86e0e271005a116c.jpeg?odnHeight=180&odnWidth=180&odnBg=fffff,"Large Travel Backpack Women, Carry On Backpack Men,Hiking Backpack Waterproof Outdoor Sports Rucksack Casual Daypack School Laptop Bag"
7,Hunting,https://i5.walmartimages.com/asr/c9662ce5-4394-4f0d-a428-59a804e5c2e0.2182dee782469b2fd9dfe9581bb5b963.jpeg?odnHeight=180&odnWidth=180&odnBg=ffffff,"iFanze Collapsible Folding Wagon, 440LBS Large Heavy Duty Utility Garden Cart with All-Terrain Wheels and Adjustable Handles for Shopping Camping Sports Outdoor Beach, Black"
8,Hunting,https://i5.walmartimages.com/seo/FLAMEHORSE-Outdoor-Pack-Water-resistant-Outdoor-Sport-Outdoor-Sport_84b5296e-e9ba-4c29-b442-6c7ed623f9d7.74c39834e9e8730376ad1d9f83913a75.jpeg?odnHeight=180&odnWidth=180&odnBg=fffff,"FLAMEHORSE Outdoor Pack,Water-resistant Outdoor Sport Outdoor Sport"
9,Hunting,https://i5.walmartimages.com/seo/Hiroekza-Sports-Outdoors-Clearance-Foldable-Hiking-Equipment-Camping-Equipment-0-35lb-Lightweight-Back-Pack-ycling-Backpack_1313a4ea-0981-4e29-a8ab-b8be0826fd8f.06ccea0a7f7843bc8d0177c9b9e31ce6.jpeg?odnHeight=180&odnWidth=180&odnBg=fffff,"Hiroekza Sports & Outdoors Clearance! Foldable Hiking Equipment, Camping Equipment, 0.35lb Lightweight Back Pack锛宑ycling Backpack"
10,Hunting,https://i5.walmartimages.com/seo/Repel-Insect-Repellent-Sportsmen-Formula-25-DEET-8-125-Oz-Aerosol_1f793007-9e04-4795-926f-79422f44ab12_1.3826dc0de17917fe26edca480ee37739.jpeg?odnHeight=180&odnWidth=180&odnBg=fffff,"Repel Insect Repellent Sportsmen Formula 25% DEET, 8.125 Oz. (Aerosol)"
11,Hunting,https://i5.walmartimages.com/seo/Xcello-Global-Sports-Outdoor-Backyard-Badminton-Game-Set-LED-Shuttlecocks-Includes-2-Orange-Rackets-Green-4-Neon-Yellow-Shuttlecocks-Carry-Bag_406ae57e-29c5-44c8-bac7-2883042166c6.b0ffe684e62c998b9a86c07afe0929e9.jpeg?odnHeight=180&odnWidth=180&odnBg=fffff,"Xcello Global Sports Outdoor Backyard Badminton Game Set with LED Shuttlecocks - Includes 2 Orange Rackets, 2 Green Rackets, 4 Neon Yellow Shuttlecocks, 4 LED Shuttlecocks, and Carry Bag"
12,Hunting,https://i5.walmartimages.com/asr/63cc5dcf-178e-4100-a413-bd7ed856a9e1.075a96e96381b6570380bd682c052fde.jpeg?odnHeight=180&odnWidth=180&odnBg=ffffff,"EastPoint Sports 2-in-1 Volleyball and Badminton Set, Adjustable Height Net Set, Includes 4 Rackets, 2 Shuttlecocks, and 1 Volleyball"
13,Hunting,https://i5.walmartimages.com/seo/KingCamp-Oversized-Folding-Camping-Chairs-for-Adults-Padded-Heavy-Duty-Portable-Chairs-for-for-Outside-Camp-Sports-Beach-Outdoor-Lawn-Green_f366e170-3220-4d45-af09-f6eb0c161000.d1405db3645c37cdfb4d494434cca391.jpeg?odnHeight=180&odnWidth=180&odnBg=fffff,"KingCamp Oversized Folding Camping Chairs for Adults, Padded Heavy Duty Portable Chairs for for Outside, Camp, Sports, Beach, Outdoor, Lawn, Green"
14,Hunting,https://i5.walmartimages.com/asr/33767257-e307-4308-ac34-fd5d9803263e.38ed06234a50419d48efdad53d0ea693.jpeg?odnHeight=180&odnWidth=180&odnBg=ffffff,"Leesechin Sports Tent - Clear Waterproof Cold Weather Pods, Outdoor Winter Soccer Tents, Rain Sun Shelter for Watching Sports Events, Camping, Fishing"
15,Hunting,https://i5.walmartimages.com/seo/SYCNB-Large-Travel-Backpack-For-Women-Carry-On-Men-Hiking-Waterproof-Outdoor-Sports-Rucksack-Casual-Essentials-Flight-Approved-Jewel-Blue_5b48ab4e-c534-45b3-871e-5eb844b6590d.1b96ddb94b67ba5ed1426075f4e4b486.jpeg?odnHeight=180&odnWidth=180&odnBg=fffff,"SYCNB Large Travel Backpack For Women, Carry On Backpack Men, Hiking Backpack Waterproof Outdoor Sports Rucksack Casual, Travel Essentials Carry on Backpack Flight Approved Jewel Blue"
16,Hunting,https://i5.walmartimages.com/asr/9dc7569b-24d4-4f6a-ba4f-2c8e915d3ec9.09841f644ed168d902968a6b3a965fc6.jpeg?odnHeight=180&odnWidth=180&odnBg=ffffff,"Franklin Sports Grow-with-Me Baseball Tee + Stand Set for Youth + Toddlers - 18"" to 36"" Adjustments"
17,Hunting,https://i5.walmartimages.com/seo/Deagia-Outdoor-Sport-Clearance-Foldable-Hiking-Equipment-Camping-Equipment-0-35Lb-Lightweight-Back-Pack-Cycling-Backpack-2024-Hot-Selling_48e15f9c-70f9-4633-bf7a-1dc7d73de909.8fc9093156dc0487585942629e541b84.jpeg?odnHeight=180&odnWidth=180&odnBg=fffff,"Deagia Outdoor & Sport Clearance Foldable Hiking Equipment, Camping Equipment, 0.35Lb Lightweight Back Pack, Cycling Backpack 2024 Hot Selling"
18,Hunting,https://i5.walmartimages.com/seo/Breathable-Ultralight-Bicycle-Backpack-Outdoor-Sport-Cycling-Camping-Hiking-Running-Hydration-Pack-Bag-with-with-2L-Water-Bladder_6e3f5409-0169-44f0-902d-d393e9c44225_1.299f0b5ec063d50688006ffc7bf01a44.jpeg?odnHeight=180&odnWidth=180&odnBg=fffff,Breathable Ultralight Bicycle Backpack Outdoor Sport Cycling Camping Hiking Running Hydration Pack Bag with with 2L Water Bladder
19,Hunting,https://i5.walmartimages.com/seo/Hiroekza-Sports-Outdoors-Cover-Canopy-Cover-And-Garden-Chair-Outdoor-Sunscreen-Clearance_363b02d4-fa67-4600-91f9-89f9e1243b01.c467ba432f8254c6608e89dc90731613.jpeg?odnHeight=180&odnWidth=180&odnBg=fffff,Hiroekza Sports & Outdoors Cover Canopy Cover And Garden Chair Outdoor Sunscreen Clearance
20,Hunting,https://i5.walmartimages.com/seo/Repel-Insect-Repellent-Sportsmen-Max-Formula-40-DEET-8-125-oz-Repels-Mosquitoes_59a5806d-8cb7-42fb-86e0-3d0c45b2d416_1.e8d3529e585c38bb8d3096afa5386834.jpeg?odnHeight=180&odnWidth=180&odnBg=fffff,"Repel Insect Repellent Sportsmen Max Formula 40% DEET, 8.125-oz, Repels Mosquitoes"
21,Hunting,https://i5.walmartimages.com/seo/Lepro-2-Pack-LED-Battery-Powered-Head-lamp-Super-Bright-Flashlights-Adjustable-Headband-Red-Lights-6-Modes-IPX4-Waterproof-Suitable-Outdoor-Camping-S_dd39f7ba-8d7b-4307-8255-e9784b9671a0.6817af82de4351f8c46b6392574bb10e.jpeg?odnHeight=180&odnWidth=180&odnBg=fffff,"Lepro 2-Pack LED Battery Powered Head lamp  , Super Bright Flashlights with Adjustable Headband and Red Lights 6 Modes, IPX4 Waterproof , Suitable for Outdoor Camping Sports"
22,Hunting,https://i5.walmartimages.com/seo/LIANGP-Bag-Products-Custom-Outside-Bag-Water-Proof-Foldable-Light-Bag-Outdoor-Portable-Solid-Sports-Backpack-For-Hiking-Traveling-Practical-Bag_cc628ed0-2468-4af6-aa6d-f97950ad6067.e5dbb65bda09ff8c2c0cd7f4e7847c54.jpeg?odnHeight=180&odnWidth=180&odnBg=fffff,LIANGP Bag Products Custom Outside Bag Water Proof Foldable Light Bag Outdoor Portable Solid Sports Backpack For Hiking Traveling Practical Bag
23,Hunting,https://i5.walmartimages.com/seo/mveomtd-Outdoor-Hiking-Backpack-Camping-Backpack-Sports-Shoulder-Bag-Large-Capacity-Smart-Backpack-2-Person-Tent_7955c1bf-76a1-4d55-8df2-34d00e983feb.0000e2d574571cb8e6ea91b578051a94.jpeg?odnHeight=180&odnWidth=180&odnBg=fffff,mveomtd Outdoor Hiking Backpack Camping Backpack Sports Shoulder Bag Large Capacity Smart Backpack 2 Person Tent
24,Hunting,https://i5.walmartimages.com/seo/Tahtuvzn-Sports-Outdoors-Clearance-Foldable-Hiking-Equipment-Camping-Equipment-0-35lb-Lightweight-Back-Pack-cycling-Backpack-Gift-for-Family_1313a4ea-0981-4e29-a8ab-b8be0826fd8f.06ccea0a7f7843bc8d0177c9b9e31ce6.jpeg?odnHeight=180&odnWidth=180&odnBg=fffff,"Tahtuvzn Sports & Outdoors Clearance! Foldable Hiking Equipment, Camping Equipment, 0.35lb Lightweight Back Pack，cycling Backpack, Gift for Family"
25,Hunting,https://i5.walmartimages.com/seo/Leesechin-Sports-Tent-Clear-Waterproof-Cold-Weather-Pods-Outdoor-Winter-Soccer-Tents-Rain-Sun-Shelter-Watching-Events-Camping-Fishing_5394466d-148f-4f5e-880f-b7467a37329c.7942e6aed306efb78c592395e1caf8dc.jpeg?odnHeight=180&odnWidth=180&odnBg=fffff,"Leesechin Sports Tent - Clear Waterproof Cold Weather Pods, Outdoor Winter Soccer Tents, Rain Sun Shelter for Watching Sports Events, Camping, Fishing"
26,Hunting,https://i5.walmartimages.com/asr/663a3769-965d-4fd5-9f9c-c4ac477eec44.735df8df976aee7881f1594d504a98a5.jpeg?odnHeight=180&odnWidth=180&odnBg=ffffff,"26"" Large Dart Board for Kids, TOMYOU Kids Dart Board with 16 Sticky Balls, Boys Toys, Indoor/ Sport Outdoor Fun Party Play Game Toys"
27,Hunting,https://i5.walmartimages.com/asr/62d6ed21-ef77-40d7-927e-020a7cab5d42.d099e4d87c1836fb6d37ea6031ab5113.jpeg?odnHeight=180&odnWidth=180&odnBg=fffff,ZTTD Custom Outside Bag Water Proof Foldable Light Bag Outdoor Portable Solid Sports Backpack for Hiking Traveling
28,Hunting,https://i5.walmartimages.com/asr/6810831a-9c4a-44db-9971-365e2e37b038_1.f2403f76999cf62c72d74ee390f3d84e.jpeg?odnHeight=180&odnWidth=180&odnBg=ffffff,"Ozark Trail Multi-Purpose Big Bucket Cart, Black Wagon, Height 24"""
29,Hunting,https://i5.walmartimages.com/asr/62b05f98-444a-4fa7-88f2-0d5483b2be3c.555df51704ccfbf20b41efa9e4746f35.jpeg?odnHeight=180&odnWidth=180&odnBg=ffffff,"100000 Lumens Rechargeable Flashlight, Waterproof  Searchlight Super Bright Powerful LED Flashlight with 5 Modes Zoom Torch for Emergency Hiking Hunting Camping Outdoor Sport"
30,Hunting,https://i5.walmartimages.com/seo/VEVORbrand-10x10ft-Outdoor-Canopy-Gazebo-Four-Sandbags-Netting-Waterproof-UV-Protection-Patio-Brown-Backyard-Outdoor-Lawn_243c51b7-9843-4f70-9e3f-36bc7f0376a4.a37913eef265a7f4fbacdd35b3cad26f.jpeg?odnHeight=180&odnWidth=180&odnBg=fffff,"VEVORbrand 10x10ft Outdoor Canopy Gazebo with Four Sandbags - Gazebo with Netting, Waterproof and UV Protection - Patio Gazebo Brown for Backyard, Outdoor, Patio and Lawn"
31,Hunting,https://i5.walmartimages.com/seo/LE-2-Packs-LED-Flash-Light-LE1000-High-Lumens-Multifunction-Mini-Tactical-Flashlight-Zoomable-Waterproof-Adjustable-Brightness-Camping-Accessories-Ou_3bf0927b-4ba6-47a9-a115-9e21291cead7.b3f56305fedf3ff631bc1608abae8115.jpeg?odnHeight=180&odnWidth=180&odnBg=fffff,"LE 2-Packs LED Flash Light LE1000 High Lumens, Multifunction Mini Tactical Flashlight , Zoomable, Waterproof, Adjustable Brightness Camping Accessories for Outdoor, Emergency , AAA Batteries Included"
32,Hunting,https://i5.walmartimages.com/asr/7e5bcf68-8dba-452e-9494-d2d5a9499beb.7591fd37639ae6fd22cd4debf34422b2.jpeg?odnHeight=180&odnWidth=180&odnBg=ffffff,JBee Ctrl 3 in 1 Hover Soccer Ball Hockey Bowling Toys Set for Kids Indoor/Outdoor Sports Games Toys for 3 4 5 6 7 8-12 Years Old Boys Girls Christmas Birthday Gifts for Kids
33,Hunting,https://i5.walmartimages.com/asr/e9b2a31f-4f08-42e5-b9d9-d13f821b1e0a.a7e508397993520616587af3d7fdb70f.jpeg?odnHeight=180&odnWidth=180&odnBg=ffffff,NETNEW T-Ball Set Baseball Sport Toys for Boys 3-6 Years Kids Toddlers Outdoor Backyard Toy Sports Play Set
34,Hunting,https://i5.walmartimages.com/asr/1f793007-9e04-4795-926f-79422f44ab12_1.3826dc0de17917fe26edca480ee37739.jpeg?odnHeight=180&odnWidth=180&odnBg=ffffff,"Repel Insect Repellent Sportsmen Formula 25% DEET, 8.125 Oz. (Aerosol)"
35,Hunting,https://i5.walmartimages.com/asr/46dad57c-1fe8-4830-9437-6243fb13e25c.60c2320a528d5c02e07cac88b52085b1.jpeg?odnHeight=180&odnWidth=180&odnBg=ffffff,"iFanze Compact Binoculars for Adults Kids , Ifanze 10x25 Binoculars for Bird Watching, Small Binoculars for Travel Sightseeing Hunting Wildlife Watching Outdoor Sports Games Concerts"
36,Hunting,https://i5.walmartimages.com/asr/d9fc86fd-50c9-49ac-ab6e-267d7911ccd9.1aa89e0640b7887b3548c7b024d0c753.jpeg?odnHeight=180&odnWidth=180&odnBg=ffffff,"VAVSEA Binoculars, 20x50 Binoculars for Adults, Compact HD High Powered Binoculars with Low Night Vision 28mm Large Field Binoculars with BAK4 Prism FMC Lens for Hunting Bird Watching Sports"
37,Hunting,https://i5.walmartimages.com/asr/be50faa6-779b-488f-b6db-fb2e12086509_1.b84b66153f917efed66698c05b1f8c88.jpeg?odnHeight=180&odnWidth=180&odnBg=ffffff,"24 Packs Drawstring Backpack Bags Bulk Multicolor Large Cinch Sack String Backpack Bags for Outdoor Sports, Gym, Traveling, Yoga"
38,Hunting,https://i5.walmartimages.com/asr/205eb4da-f223-400a-ae02-19253de6db27_1.f0a81a16063fc8bd48ccdd4ebdc02815.jpeg?odnHeight=180&odnWidth=180&odnBg=ffffff,"Ozark Trail 6-Piece LED Flashlight Headlamp Lantern Penlight Combo, Model 4937, 1.36 lb"
39,Hunting,https://i5.walmartimages.com/asr/da9c4f92-81d3-458a-b8db-1ba9eb4e738e.752d1d86272b415171f77fab3e92ef93.jpeg?odnHeight=180&odnWidth=180&odnBg=ffffff,"LAKWAR 20x50 Binoculars for Adults,HD Binoculars with Low Light Night Vision, Clear FMC BAK4 Prism Lens, Binoculars for Hunting Birds Watching Traveling Stargazing Outdoor Sport"
40,Hunting,https://i5.walmartimages.com/seo/Wrangler-Men-s-and-Big-Men-s-Relaxed-Fit-Cargo-Pants-With-Stretch_df3a725f-7384-4942-b262-10fe413914d6_1.4305f90dd2e7aacb548928420cead955.jpeg?odnHeight=180&odnWidth=180&odnBg=fffff,Wrangler Men's and Big Men's Relaxed Fit Cargo Pants With Stretch
41,Hunting,https://i5.walmartimages.com/seo/80L-Large-Capacity-Waterproof-Hiking-Backpack-Travel-Backpack-Hiking-Outdoor-Camping-Trekking-Outdoor-Sports-Rucksacks-Sport-Shoulder-Bag-Great-Gift_c0200d25-7c17-4d39-b8e8-5de077f34b08.8949e8d8c53da4c567001078aecf9b7c.jpeg?odnHeight=180&odnWidth=180&odnBg=fffff,80L Large Capacity Waterproof Hiking Backpack Travel Backpack Hiking Outdoor Camping Trekking Outdoor Sports Rucksacks Sport Shoulder Bag Great Gift
42,Hunting,https://i5.walmartimages.com/seo/FICISOG-Sports-Tent-Pop-Weather-Pod-Outdoor-Sport-Pod-Shelter-6-People-71in-Instant-Weatherproof-Clear-View-Camping_f1492005-5729-4fa2-bdd1-f964a3e945bb.fb1ba357442a45fde42b472aec71649c.jpeg?odnHeight=180&odnWidth=180&odnBg=fffff,"FICISOG Sports Tent Pop up Weather Pod, Outdoor Sport Pod Tent Shelter for up to 6 People, 71in Instant Weatherproof Pop up Tent with Clear View for Camping"
43,Hunting,https://i5.walmartimages.com/seo/Cycling-Glasses-Outdoor-Sunglasses-MTB-Men-Women-Sport-Goggles-UV400-Bike-Bicycl_14cfc75c-3a42-4057-bcf2-c745b3ddfbf6.76bb3c3781525763075c78e6324a9146.jpeg?odnHeight=180&odnWidth=180&odnBg=fffff,Cycling Glasses Outdoor Sunglasses MTB Men Women Sport Goggles UV400 Bike Bicycl
44,Hunting,https://i5.walmartimages.com/asr/80347b9c-a48a-4437-a5e5-b8e37d152182.aacdcd06808e479949ef0aa57412fa13.jpeg?odnHeight=180&odnWidth=180&odnBg=ffffff,"Kid Odyssey Hover Soccer Ball Set for Kids, Soccer Games with Colorful LED Lights, Indoor Air Soccer and Outdoor Sports Games Toys for Kids Boys Ages 3 4 5 6 7 8-12 with 2 Goal & 1 Kids Soccer Ball"
45,Hunting,https://i5.walmartimages.com/asr/5c958f21-968a-4245-a50b-37e59241afb6_1.20293a58b7343c4bda6d6c4026db03a5.jpeg?odnHeight=180&odnWidth=180&odnBg=ffffff,EastPoint Sports Easy Setup Regulation Size Outdoor Badminton Game Set
46,Hunting,https://i5.walmartimages.com/seo/Toogh-3-4-Person-Camping-Tent-60-Seconds-Set-Up-Waterproof-Pop-Hexagon-Outdoor-Sports-Sun-Shelters-Instant-Cabin-Tent-Advanced-Venting-Design-Provide_e389e6c8-c99b-475b-b545-ad404ba40a37.728f76d32f4e59d5ba171300e414c452.jpeg?odnHeight=180&odnWidth=180&odnBg=fffff,"Toogh 3-4 Person Camping Tent 60 Seconds Set Up Tent Waterproof Pop Up Hexagon Outdoor Sports Tent Camping Sun Shelters, Instant Cabin Tent, Advanced Venting Design, Provide Top Rainfly"
47,Hunting,https://i5.walmartimages.com/asr/08160863-d7f7-4fd2-9483-5f512d0730af.6f2d5a627e0057e11601251fbce58237.jpeg?odnHeight=180&odnWidth=180&odnBg=ffffff,"Kid Odyssey Hover Soccer Ball, 3-in-1 Hover Hockey Ball Kids Toys Set, Indoor and Outdoor Sports Games Toys for Kids Ages 3 4 5 6 7 8-12 - Rechargeable LED Soccer Games Toys for 3-12 Year Old Boys"
48,Hunting,https://i5.walmartimages.com/seo/Sports-Tent-Outdoor-Shelter-Canopy-Rain-Pod-Waterproof-Clear-Warm_1ea5bb19-f23a-417f-a646-c60401d185e6.7844907585061f67ceb456a4089a9092.jpeg?odnHeight=180&odnWidth=180&odnBg=fffff,Sports Tent Outdoor Shelter Canopy Rain Pod Waterproof Clear Warm
49,Hunting,https://i5.walmartimages.com/asr/ca35022b-3530-4d63-9e2a-3a9279ece64e.095dab57f5b0d77d784cdac9507bd2e2.jpeg?odnHeight=180&odnWidth=180&odnBg=ffffff,"LotFancy Basketball Hoop for Kids Toddlers Baby, Indoor Outdoor Infant 2 in 1 Sports Toy Set"
50,Hunting,https://i5.walmartimages.com/asr/5604c63b-e17a-4cad-94d1-8e3ff348ca54.5e452b8091f988e40a38d965d35750a0.jpeg?odnHeight=180&odnWidth=180&odnBg=ffffff,"Gatorade Thirst Quencher, Fruit Punch Sports Drinks, 20 fl oz, 8 Count Bottles"
51,Hunting,https://i5.walmartimages.com/asr/d2df1137-ba67-4bee-9171-32a413a59dfc.0e5a24634bd155d762f3d650a1ec93d4.jpeg?odnHeight=180&odnWidth=180&odnBg=ffffff,Kids Basketball Hoop Adjustable Height 2.5 ft-6.1 ft Toddler Toys Basketball Hoops Indoor Outdoor Play Mini Portable Basketball Goals Outside Toys Backyard Games for Boys Girls Age 3 4 5 6 7 8 Gifts
52,Hunting,https://i5.walmartimages.com/seo/Fruit-of-the-Loom-Women-s-Tank-Style-Cotton-Sports-Bra-3-Pack-Style-9012_1e89eb32-df35-4744-bbed-7ebd14ce9f5d_1.19d37c64180953e60b456f379bd3117b.jpeg?odnHeight=180&odnWidth=180&odnBg=fffff,"Fruit of the Loom Women's Tank Style Cotton Sports Bra, 3-Pack, Style-9012"
53,Hunting,https://i5.walmartimages.com/asr/a041abc4-37d3-4ae1-94e7-d39c7151d185_1.7d463d2685780dcc82a1a500b1dda0c3.jpeg?odnHeight=180&odnWidth=180&odnBg=ffffff,Franklin Sports Kids Plastic Golf Set - Adjustable Youth Clubs - Red
54,Hunting,https://i5.walmartimages.com/asr/f326590b-3e22-49b8-909d-7a6c030ec163.1509c59f31385e8ed9bc63755ca75be9.png?odnHeight=180&odnWidth=180&odnBg=ffffff,"Pop-a-Shot Slam Dunk over-the-door Mini Arcade Basketball Hoop, Foldable Hanging 18 in. Wide"
55,Hunting,https://i5.walmartimages.com/seo/Spalding-Max-Grip-TF-Indoor-Outdoor-Basketball-29-5-In_7e6fb21f-03fe-41ab-9b02-56dab4a29366.ffc0a1c9873f7c397ee7c52e4259ccf0.jpeg?odnHeight=180&odnWidth=180&odnBg=fffff,Spalding Max Grip TF Indoor-Outdoor Basketball 29.5 In.
56,Hunting,https://i5.walmartimages.com/seo/Costway-Jumbo-4-to-Score-4-in-A-Row-Giant-Game-Set-for-Family-Green_0f7eef64-cb44-4753-b15b-ca8e5363e3a5.76a400aadb231fa2cbb1da1af017e599.jpeg?odnHeight=180&odnWidth=180&odnBg=fffff,Costway Jumbo 4-to-Score 4 in A Row Giant Game Set for Family Green
57,Hunting,https://i5.walmartimages.com/seo/Franklin-Sports-MLB-Kids-Foam-Baseball-Bat-Ball-Set-Jumbo-Oversize-Toy-Bat-Foam-Ball-for-Kids-Toddlers-Red-24_76611247-cb65-46a8-ab79-5e744b0d1fe2.78eef312ca71b6147759ed3f23e606b5.jpeg?odnHeight=180&odnWidth=180&odnBg=fffff,"Franklin Sports MLB Kids Foam Baseball Bat + Ball Set - Jumbo Oversize Toy Bat + Foam Ball for Kids + Toddlers - Red - 24"""
58,Hunting,https://i5.walmartimages.com/asr/3c06249b-6f9b-450f-9e6f-480bd49ef169.5018a90a2ab6c7c0a0a165426b662a52.jpeg?odnHeight=180&odnWidth=180&odnBg=ffffff,"Franklin Sports Multi-color Football Target Toss Game, 4 Pieces"
59,Hunting,https://i5.walmartimages.com/asr/91c4e623-197f-44ca-afdc-7aecee38acb0.b2d792f6a0713d15976b5850a8d8a610.jpeg?odnHeight=180&odnWidth=180&odnBg=ffffff,"Wilson NBA DRV Outdoor Basketball 28.5"" - Brown"
60,Hunting,https://i5.walmartimages.com/asr/63fc2eb3-ba04-40a9-9dac-8054d48a89ab_1.5a5940086307f3711fcdc3fc85c753df.jpeg?odnHeight=180&odnWidth=180&odnBg=ffffff,Lancaster Sports EZ-Fold 2 Player Arcade Dual Basketball Hoop Shot Game
61,Hunting,https://i5.walmartimages.com/seo/Fruit-of-the-Loom-Women-s-Spaghetti-Strap-Cotton-Sports-Bra-3-Pack-Style-9036_e269e84a-5f10-45c1-a798-2e5986df2ebe_1.ed187b680e12b571239b78eb44da2317.jpeg?odnHeight=180&odnWidth=180&odnBg=fffff,"Fruit of the Loom Women's Spaghetti Strap Cotton Sports Bra, 3-Pack, Style-9036"
62,Hunting,https://i5.walmartimages.com/asr/883c50e5-e8dc-4c30-9092-c358d8b02027.691e7973c1c0f1928bb429ef853320e6.jpeg?odnHeight=180&odnWidth=180&odnBg=ffffff,"Little Tikes TotSports Easy Score Basketball Set, Pink"
63,Hunting,https://i5.walmartimages.com/seo/Beefunni-Hover-Soccer-Ball-Kids-4-In-1-Hockey-Bowling-Set-LED-Lights-Indoor-Outdoor-Toys-Christmas-Birthday-Gifts-3-12-Year-Old_3bdb75dc-10f4-4b27-8217-0a6ef1c4c773.3946124c03b171e6219c699f3b63c3e0.jpeg?odnHeight=180&odnWidth=180&odnBg=fffff,"Beefunni Hover Soccer Ball for Kids,4-In-1 Hover Soccer Ball Hockey Bowling Set with LED Lights,Indoor and Outdoor Toys Christmas Birthday Gifts for 3-12 Year Old"
64,Hunting,https://i5.walmartimages.com/seo/Spalding-Fast-Break-All-Surface-Blue-Silver-Basketball-29-5_f5544668-8be4-43b6-8420-5640c9def267.5a295ffaa3643423d1a60179e10fab7a.jpeg?odnHeight=180&odnWidth=180&odnBg=fffff,"Spalding Fast Break All Surface Blue/Silver Basketball 29.5"""
65,Hunting,https://i5.walmartimages.com/seo/Echelon-Connect-Sport-Indoor-Cycling-Exercise-Bike-30-Day-Free-Membership-Trial_80355027-6a66-48d3-9f3e-ebc78d9c5031.a1bae848fe0babffa65df1fadedf0b9c.png?odnHeight=180&odnWidth=180&odnBg=fffff,Echelon Connect Sport Indoor Cycling Exercise Bike + 30-Day Free Membership Trial
66,Hunting,https://i5.walmartimages.com/seo/POOBOO-Indoor-Cycling-Bike-Exercise-Bluetooth-Stationary-Heavy-duty-Flywheel-Silent-Magnetic-Resistance-100-Levels-Home-Gym_7287e599-3bc8-4361-9048-bd7cb9636d40.8ce0e9779d050c36d795dde8f574121f.jpeg?odnHeight=180&odnWidth=180&odnBg=fffff,POOBOO Indoor Cycling Bike Exercise Bike Bluetooth Stationary Bike Heavy-duty Flywheel with Silent Magnetic Resistance 100 Levels for Home Gym Exercise
67,Hunting,https://i5.walmartimages.com/asr/c222362b-da83-472d-a871-a5e87c94b757.f5eac28b8caf4e58bf3bc6606e373ca5.jpeg?odnHeight=180&odnWidth=180&odnBg=ffffff,"Little Tikes Jumbo Inflatable Baseball and Football Trainer, 2 in 1 Sports Toy for Children"
68,Hunting,https://i5.walmartimages.com/asr/0168311f-98a4-4be9-99e3-295495a2706d.e3dbe9d86bca9ad4b105288cd0df7af2.jpeg?odnHeight=180&odnWidth=180&odnBg=ffffff,Capture The Flag Game Illuminated - Outdoor Activity for Teen Boys and Girls Parties- Fun Sports Gift Idea for Kids & Adults of All Ages - Cool for Teens or Family Night Birthday Party - Light-Up
69,Hunting,https://i5.walmartimages.com/asr/08160863-d7f7-4fd2-9483-5f512d0730af.6f2d5a627e0057e11601251fbce58237.jpeg?odnHeight=180&odnWidth=180&odnBg=ffffff,"Kid Odyssey Hover Soccer Ball, 3-in-1 Hover Hockey Ball Kids Toys Set, Indoor and Outdoor Sports Games Toys for Kids Ages 3 4 5 6 7 8-12 - Rechargeable LED Soccer Games Toys for 3-12 Year Old Boys"
70,Hunting,https://i5.walmartimages.com/seo/Wilson-NBA-DRV-Outdoor-Basketball-29-5-Brown_91c4e623-197f-44ca-afdc-7aecee38acb0.b2d792f6a0713d15976b5850a8d8a610.jpeg?odnHeight=180&odnWidth=180&odnBg=fffff,"Wilson NBA DRV Outdoor Basketball 29.5"" - Brown"
71,Hunting,https://i5.walmartimages.com/asr/9e2cda40-b073-4120-99c9-d10f15632234.5c8d9ceee4377f415f3c0d152e6b33e2.jpeg?odnHeight=180&odnWidth=180&odnBg=ffffff,"Play Day Hopscotch Rings, Kid's Outdoor Sports, Ages 3-99"
72,Hunting,https://i5.walmartimages.com/asr/1352e3c6-559e-4d6a-be57-6665981e45e0.d8cc5a842e404001430b916a45ce6827.jpeg?odnHeight=180&odnWidth=180&odnBg=ffffff,"Gatorade Frost Thirst Quencher, Glacier Freeze Sports Drinks, 12 fl oz, 12 Count Bottles"
73,Hunting,https://i5.walmartimages.com/asr/2a330f07-84cc-4b63-9775-89040886efaa.f4e22cef089e0445e2c0b0f62f9e456e.png?odnHeight=180&odnWidth=180&odnBg=ffffff,"Disney Mickey Soccer Net with Ball, Multicolor, Kids Outdoor Sports, Ages 3+"
74,Hunting,https://i5.walmartimages.com/seo/Spalding-Super-Tack-Pro-Indoor-and-Outdoor-Basketball-29-5-In_f9c0091f-21c7-4ad9-8384-1ead9a98cc46.4e54e6e5b53ef399e595c59d19113ee0.jpeg?odnHeight=180&odnWidth=180&odnBg=fffff,"Spalding Super Tack Pro Indoor and Outdoor Basketball, 29.5 In."
75,Hunting,https://i5.walmartimages.com/seo/Costway-Jumbo-4-to-Score-4-in-A-Row-Giant-Game-Set-Indoor-Outdoor-Adults-Kids-Family-Fun_d85f39ad-193b-46f6-8cd7-4d8fc87ef139.39fb9cfc05666e5c9b9374e2b26954b0.jpeg?odnHeight=180&odnWidth=180&odnBg=fffff,Costway Jumbo 4-to-Score 4 in A Row Giant Game Set Indoor Outdoor Adults Kids Family Fun
76,Hunting,https://i5.walmartimages.com/seo/Pooboo-Recumbent-Exercise-Bikes-Sit-Down-Stationary-Bicycle-Magnetic-Resistance-Indoor-Cycling-Bike-380lb_b6816d1e-2a5e-41da-b7d3-aa35e6ad5fbf.352d6111216307c2845cefe446233f96.jpeg?odnHeight=180&odnWidth=180&odnBg=fffff,Pooboo Recumbent Exercise Bikes Sit Down Stationary Bicycle Magnetic Resistance Indoor Cycling Bike 380lb
77,Hunting,https://i5.walmartimages.com/asr/37698e6a-f419-4b74-87b1-4044c2defb5b.d23d261c5fbb13f3c257a9ce53389def.jpeg?odnHeight=180&odnWidth=180&odnBg=ffffff,"BODYARMOR Sports Drink, Fruit Punch, 12 Fl. Oz., 8 count"
78,Hunting,https://i5.walmartimages.com/asr/440d38d9-eefc-49be-bee5-e8d6fd92495d.2407006af3198d24e3c056e647ef5a3f.jpeg?odnHeight=180&odnWidth=180&odnBg=ffffff,Play Day Jumbo Bowling Set
79,Hunting,https://i5.walmartimages.com/asr/80347b9c-a48a-4437-a5e5-b8e37d152182.aacdcd06808e479949ef0aa57412fa13.jpeg?odnHeight=180&odnWidth=180&odnBg=ffffff,"Kid Odyssey Hover Soccer Ball Set for Kids, Soccer Games with Colorful LED Lights, Indoor Air Soccer and Outdoor Sports Games Toys for Kids Boys Ages 3 4 5 6 7 8-12 with 2 Goal & 1 Kids Soccer Ball"
80,Hunting,https://i5.walmartimages.com/asr/4c35a2bc-8ba3-42f3-838c-4c3904d786ab.f4fb333bb374d1b6107d69fe9d7fba76.jpeg?odnHeight=180&odnWidth=180&odnBg=ffffff,Pop-A-Shot Official Dual Shot Sport Arcade Basketball Game
81,Hunting,https://i5.walmartimages.com/seo/Hedstrom-42-Bop-Bag-Spiderman_d21d1e9d-da61-40db-8a3b-94fd28f4f548.981c80960f95738be4468ee921f4f31d.png?odnHeight=180&odnWidth=180&odnBg=fffff,"Hedstrom 42"" Bop Bag, Spiderman"
82,Hunting,https://i5.walmartimages.com/asr/63cc5dcf-178e-4100-a413-bd7ed856a9e1.075a96e96381b6570380bd682c052fde.jpeg?odnHeight=180&odnWidth=180&odnBg=ffffff,"EastPoint Sports 2-in-1 Volleyball and Badminton Set, Adjustable Height Net Set, Includes 4 Rackets, 2 Shuttlecocks, and 1 Volleyball"
83,Hunting,https://i5.walmartimages.com/asr/c499c0ee-e85a-4bf1-9560-1bf8c7e912eb.00204c02e53bfed4fe6afc902bf8e8fc.jpeg?odnHeight=180&odnWidth=180&odnBg=ffffff,"Disney Minnie Mouse 4-in-1 Sports Center by Delta Children  Adjustable Easy Score Basketball Hoop, Soccer/Hockey Net and Golf Game, Pink"
84,Hunting,https://i5.walmartimages.com/asr/b1e1fde5-86f2-4ef0-aef8-b4ce5838ede3.d7c2f912f6f6053f1692dd92d3125a94.png?odnHeight=180&odnWidth=180&odnBg=ffffff,"Disney Mickey Toss and Catch Game, Grip Paddles, Kids Outdoor Sports, Age Group 3-99 Years"
85,Hunting,https://i5.walmartimages.com/seo/Wilson-NCAA-Street-Shot-Outdoor-Basketball-Official-Size-29-5_e41edc68-d533-445a-8017-9e18bce6d346_1.0d51d0f7eb9c33d54302ac0bbb889dd0.jpeg?odnHeight=180&odnWidth=180&odnBg=fffff,"Wilson NCAA Street Shot Outdoor Basketball, Official Size 29.5"""
86,Hunting,https://i5.walmartimages.com/asr/167d3b75-613e-43bf-9845-c77bfcf8ce34.9f0f72f5140827effebda565926b0b92.jpeg?odnHeight=180&odnWidth=180&odnBg=ffffff,"BODYARMOR LYTE Sports Drink, Peach Mango, 12 Fl. Oz., 8 count"
87,Hunting,https://i5.walmartimages.com/asr/acd3a118-9d69-465f-bdb4-854f4d063a9e.6338fb4536aefa54d4044dde909be4eb.png?odnHeight=180&odnWidth=180&odnBg=ffffff,"Disney Marvel Avengers Toss and Catch Game, Kids Outdoor Sports, Age Group 3-99"
88,Hunting,https://i5.walmartimages.com/asr/0c6eebd2-1849-48c9-998e-9a8a30fcf1d5_3.e52bb54c175fc578ecd133622e71b601.jpeg?odnHeight=180&odnWidth=180&odnBg=ffffff,"Play Day Toss & Catch Game, 2 Discs & 1 Ball, Child Ages 3+"
89,Hunting,https://i5.walmartimages.com/asr/5932f05e-79a3-4676-b570-a84bc8a3a1bb.1761721944d0c895f9d3c2d5d9f90a3b.jpeg?odnHeight=180&odnWidth=180&odnBg=ffffff,"Gatorade Thirst Quencher, Lemon Lime Sports Drinks, 20 fl oz, 8 Count Bottles"
90,Hunting,https://i5.walmartimages.com/seo/Franklin-Sports-Pink-Inferno-Tee-Ball-Set-Youth-25-Bat-Drop-10-Ball-9-PVC-Tee-Ball-Glove_c0001382-8ba0-47ab-91b9-cd8f0458c6d3.f882bdcc03aebde476da34ce2cbe8f9d.jpeg?odnHeight=180&odnWidth=180&odnBg=fffff,"Franklin Sports Pink Inferno Tee Ball Set - Youth 25"" Bat, Drop 10 - Ball - 9"" PVC Tee Ball Glove"
91,Hunting,https://i5.walmartimages.com/asr/9be884cd-c51f-4000-a046-dd809e7c5d20.ce7113912d71914e354294c991955959.jpeg?odnHeight=180&odnWidth=180&odnBg=ffffff,Kids Golf Set Toys for Boys Girls 3-6 Years Young Junior Golf Club Set Sports Kit
92,Hunting,https://i5.walmartimages.com/seo/ESPN-2-Player-EZ-Fold-and-Assemble-Basketball-Game-with-Polycarbonate-Backboard-and-LED-Scoring_a5c98f93-a581-46ae-b8fe-4c9848747f4f_2.49865c19159c12334d540b4a6f4d3d77.jpeg?odnHeight=180&odnWidth=180&odnBg=fffff,ESPN 2 Player EZ Fold and Assemble Basketball Game with Polycarbonate Backboard and LED Scoring
93,Hunting,https://i5.walmartimages.com/asr/96973a96-9d22-4720-ba2f-5d2247bf5952.5ee84c20008d7338a1dd8cd1d40a86cb.jpeg?odnHeight=180&odnWidth=180&odnBg=ffffff,"EP EXERCISE N PLAY Golf Club Set for Kids, Indoor Outdoor Sports Toys, Birthday Gift for Boys Girls Ages 2 3 4 5 6 Year Old"
94,Hunting,https://i5.walmartimages.com/asr/0e35c55f-2c36-469f-9d87-6eb430976eef.6700287a064afd1dd3303bf254a2fd4b.jpeg?odnHeight=180&odnWidth=180&odnBg=ffffff,MD Sports Best Shot 2-Player 81 inch Foldable Arcade Basketball Game
95,Hunting,https://i5.walmartimages.com/asr/cfb41db3-15ca-4522-951f-b8f2d707edec.65ce9a4888f22d84684bb8b875177525.jpeg?odnHeight=180&odnWidth=180&odnBg=ffffff,"Gatorade Thirst Quencher Variety Pack, Lemon Lime/Fruit Punch/Orange Sports Drinks, 12 fl oz, 18 Count Bottles"
96,Hunting,https://i5.walmartimages.com/asr/47505833-88ad-4899-8b5d-ab4bd9fa5d3c.195813ab09539f7945ff2649c09ba270.jpeg?odnHeight=180&odnWidth=180&odnBg=ffffff,MD Sports Heavy Duty 70 inch Inflatable Black and Yellow Kickboxing Trainer Bag
97,Hunting,https://i5.walmartimages.com/asr/062cb34b-13fd-4563-b2ad-f3f5c5572550.2ff8ccc898b34eb6d9b5f9f034059303.jpeg?odnHeight=180&odnWidth=180&odnBg=ffffff,"Gatorade Thirst Quencher, Lemon Lime Sports Drinks, 12 fl oz, 12 Count Bottles"
98,Hunting,https://i5.walmartimages.com/asr/35122ae3-5479-4e78-993c-1e4e11cbda15.45d91082c894e68fef514b6278442a20.png?odnHeight=180&odnWidth=180&odnBg=ffffff,Eastpoint Sports Axe Throwing Target Game - 5ft Tall Sturdy Steel Frame - Includes 8 Throwing Axes
99,Hunting,https://i5.walmartimages.com/asr/9368ddec-2a55-468b-87ea-d22e1b54c570.6bafb0fce783c46ffdbda720d1b7c4f3.jpeg?odnHeight=180&odnWidth=180&odnBg=ffffff,"Gatorade Thirst Quencher Fruit Punch, Glacier Cherry, Cool Blue Sports Drinks Variety Pack, 12 fl oz, 18 Pack Bottles"
100,Hunting,https://i5.walmartimages.com/asr/0363eaa9-990e-425e-b63b-03092ebbc5bf.d9d0ef5edebf45da40427af342b6657d.jpeg?odnHeight=180&odnWidth=180&odnBg=ffffff,"BODYARMOR Sports Drink, Blue Raspberry, 12 Fl. Oz., 8 count"
101,Hunting,https://i5.walmartimages.com/seo/99-Speed-Muscle-Massage-Gun-Deep-Tissue-Massager-Pain-Relief-Handheld-Electric-Body-Sports-Drill-Portable-Super-Quiet-Brushless-Motor_42b77033-4684-4d74-8081-add32b233697.55c129226e29c3ec5e081ad1c5589a8e.jpeg?odnHeight=180&odnWidth=180&odnBg=fffff,"99 Speed Muscle Massage Gun, Deep Tissue Muscle Massager for Pain Relief, Handheld Electric Body Massager Sports Drill Portable Super Quiet Brushless Motor"
102,Hunting,https://i5.walmartimages.com/seo/Spalding-Max-Grip-TF-Indoor-Outdoor-Basketball-29-5-In_7e6fb21f-03fe-41ab-9b02-56dab4a29366.ffc0a1c9873f7c397ee7c52e4259ccf0.jpeg?odnHeight=180&odnWidth=180&odnBg=fffff,Spalding Max Grip TF Indoor-Outdoor Basketball 29.5 In.
103,Hunting,https://i5.walmartimages.com/seo/Fruit-of-The-Loom-Women-s-Comfort-Front-Close-Cotton-Sports-Bra-2-Pack_9bf986ff-8148-41da-a5d4-02f14a151d51_1.cd0b584e8cec362431f7d00f8c8cb179.jpeg?odnHeight=180&odnWidth=180&odnBg=fffff,"Fruit of The Loom Women's Comfort Front Close Cotton Sports Bra, 2 Pack"
104,Hunting,https://i5.walmartimages.com/asr/c7eea058-32c3-45f1-8cdf-f61cd3c4abb6.62afe9c9ef1cc0eb02124306ce2b9b03.jpeg?odnHeight=180&odnWidth=180&odnBg=ffffff,"Gatorade Frost Thirst Quencher, Glacier Freeze Sports Drinks, 20 fl oz, 8 Count Bottles"
105,Hunting,https://i5.walmartimages.com/seo/Nintendo-Switch-Sports-Nintendo-Switch_a86afeaf-70d0-4155-9661-3eed97d96a8c.550d3386ba6d47c7694e8f6d8d39bffe.jpeg?odnHeight=180&odnWidth=180&odnBg=fffff,Nintendo Switch Sports - Nintendo Switch
106,Hunting,https://i5.walmartimages.com/asr/31e5f391-071d-4cda-a294-ae9534b9703f.a2d4a691632fcaf05bb080ca37cd919a.jpeg?odnHeight=180&odnWidth=180&odnBg=ffffff,"BODYARMOR Sports Drink Tropical Punch, 12 fl oz, 8 Pack"
107,Hunting,https://i5.walmartimages.com/asr/4cb78d68-6aad-4692-b109-bbce3ee50ef5.d5776e650df1bf2229fc363e112048f7.jpeg?odnHeight=180&odnWidth=180&odnBg=ffffff,"POWERADE Electrolyte Enhanced Zero Sugar Fruit Punch Sport Drink, 20 fl oz, 8 Count Bottles"
108,Hunting,https://i5.walmartimages.com/asr/138a25bd-6263-4f21-9b59-28862582efd8.e94015f52d4b47ed65e42d94372f285d.jpeg?odnHeight=180&odnWidth=180&odnBg=ffffff,"Gatorade Thirst Quencher, Fruit Punch Sports Drinks, 12 fl oz, 12 Count Bottles"
109,Hunting,https://i5.walmartimages.com/asr/76f3465e-8454-4511-8666-1f55e9e9f89b.33a30e802ab2e01e15a166b437cce197.jpeg?odnHeight=180&odnWidth=180&odnBg=ffffff,"Gatorade Frost Thirst Quencher, Glacier Cherry Sports Drinks, 12 fl oz, 12 Count Bottles"
110,Hunting,https://i5.walmartimages.com/asr/fd91ad55-d511-493a-942e-79a50b778ad5.25d3e0c79ee7d5f7849f1e6d7b5281bd.jpeg?odnHeight=180&odnWidth=180&odnBg=ffffff,"BODYARMOR Sports Drink Strawberry Grape, Coconut Water Hydration, Natural Flavors With Vitamins, Potassium-Packed Electrolytes, 12 fl oz, 8 Pack"
111,Hunting,https://i5.walmartimages.com/seo/Costway-Jumbo-4-to-Score-4-in-A-Row-Giant-Game-Set-for-Family-Green_0f7eef64-cb44-4753-b15b-ca8e5363e3a5.76a400aadb231fa2cbb1da1af017e599.jpeg?odnHeight=180&odnWidth=180&odnBg=fffff,Costway Jumbo 4-to-Score 4 in A Row Giant Game Set for Family Green
112,Hunting,https://i5.walmartimages.com/seo/POOBOO-Indoor-Cycling-Bike-Exercise-Bluetooth-Stationary-Heavy-duty-Flywheel-Silent-Magnetic-Resistance-100-Levels-Home-Gym_7287e599-3bc8-4361-9048-bd7cb9636d40.8ce0e9779d050c36d795dde8f574121f.jpeg?odnHeight=180&odnWidth=180&odnBg=fffff,POOBOO Indoor Cycling Bike Exercise Bike Bluetooth Stationary Bike Heavy-duty Flywheel with Silent Magnetic Resistance 100 Levels for Home Gym Exercise
113,Hunting,https://i5.walmartimages.com/asr/bbf50528-e3dd-4f41-a46d-95cdd5866618.b8878d2bc5ee97cdc2ebd08f18934220.jpeg?odnHeight=180&odnWidth=180&odnBg=ffffff,Dinosaur Punching Bag for Kids - 63 inch Inflatable Boxing Bag with Gloves - Children Sports Toys Exercising Boxing Set for Training Karate and Taekwondo - Freestanding Tumbler Bounce Back
114,Hunting,https://i5.walmartimages.com/asr/c6ce1dd2-3864-49c5-93f8-04a40ea5285c.9ccaacb25e727c7df2c3b6603ea7be74.jpeg?odnHeight=180&odnWidth=180&odnBg=ffffff,"Franklin Sports Mystic Official Size Indoor and Outdoor 29.5 In. Rubber Basketball, Air Pump Included"
115,Hunting,https://i5.walmartimages.com/asr/e2cca7cf-c3ed-4240-a064-a5347a646b9e.338b0fe8a103048d35ab4316af8c12e0.jpeg?odnHeight=180&odnWidth=180&odnBg=ffffff,"Gatorade Fierce Thirst Quencher, Grape Sports Drinks, 20 fl oz, 8 Count Bottles"
116,Hunting,https://i5.walmartimages.com/asr/b63e8555-727b-4ec8-a175-a11f402a3d74.de13a197e1201f246604203895e4c6d0.jpeg?odnHeight=180&odnWidth=180&odnBg=ffffff,NERF Pro Hoop Basketball Set - Pro Hoop Mini Hoop Set with Mini NERF Basketball - Steel Rim Great for Dunking - Over the Door Basketball Hoops
117,Hunting,https://i5.walmartimages.com/asr/886dd60c-ca21-4d77-8a0a-122bf446189e.c7f2c6acc0e590fb5ec9420b9b9cdb92.jpeg?odnHeight=180&odnWidth=180&odnBg=ffffff,"Gatorade Zero Sugar Thirst Quencher Variety Pack, Berry/Glacier Cherry/Glacier Freeze Sports Drinks, 12 fl oz, 18 Count Bottles"
118,Hunting,https://i5.walmartimages.com/asr/7c1932d2-76c0-4023-b2d9-43bd59a23a39.cbf84459bcfeb784dc2cbcb2ea05133d.jpeg?odnHeight=180&odnWidth=180&odnBg=ffffff,"POWERADE Electrolyte Enhanced Zero Sugar Grape Sport Drink, 20 fl oz, 8 Count Bottles"
119,Hunting,https://i5.walmartimages.com/asr/570b1a36-6555-40d8-a6f1-362a6b2b0724.2f1e731b2932954c0f4affcaf551b07c.jpeg?odnHeight=180&odnWidth=180&odnBg=ffffff,Nerf Pro Shop Mini Sports Pack
120,Hunting,https://i5.walmartimages.com/asr/3e665836-6589-4d17-8b9b-1c38bd2c5548.5cdab900b6dc67a67909c51ea72344cf.jpeg?odnHeight=180&odnWidth=180&odnBg=ffffff,"Gatorade Frost Thirst Quencher, Glacier Cherry Sports Drinks, 20 fl oz, 8 Count Bottles"
121,Hunting,https://i5.walmartimages.com/seo/Costway-Jumbo-4-to-Score-4-in-A-Row-Giant-Game-Set-Indoor-Outdoor-Adults-Kids-Family-Fun_d85f39ad-193b-46f6-8cd7-4d8fc87ef139.39fb9cfc05666e5c9b9374e2b26954b0.jpeg?odnHeight=180&odnWidth=180&odnBg=fffff,Costway Jumbo 4-to-Score 4 in A Row Giant Game Set Indoor Outdoor Adults Kids Family Fun
122,Hunting,https://i5.walmartimages.com/seo/Boulder-Sports-Portable-Adjustable-Volleyball-Badminton-Net-Blue-Red-17ft_340d6c2e-33aa-4533-8ddb-220a233a673b.165135602c698bae186222381558a688.jpeg?odnHeight=180&odnWidth=180&odnBg=fffff,"Boulder Sports Portable & Adjustable Volleyball & Badminton Net, Blue/Red, 17ft"
123,Hunting,https://i5.walmartimages.com/asr/68d61668-7227-4308-8217-ac9c118a4e54.9c63f33d3f442d5bf63c7450daead243.jpeg?odnHeight=180&odnWidth=180&odnBg=ffffff,"Gatorade Zero Sugar Thirst Quencher, Fruit Punch Sports Drinks, 20 fl oz, 8 Count Bottles"
124,Hunting,https://i5.walmartimages.com/asr/8e86551f-dc0a-43bb-88c0-8e3cae093432.7ac6aa0aaf686d3506ff95095da463b8.jpeg?odnHeight=180&odnWidth=180&odnBg=ffffff,"POWERADE Electrolyte Enhanced Grape Sport Drink, 20 fl oz, 8 Count Bottles"
125,Hunting,https://i5.walmartimages.com/asr/b2c66ae3-a3ff-4440-9521-07d05d308569.dde1b936fc0823b054ac0736384ce1a9.jpeg?odnHeight=180&odnWidth=180&odnBg=ffffff,EastPoint Sports 2' x 3' Cornhole Boards - Natural Wood Bean Bag Toss Set with 8 Bean Bags
126,Hunting,https://i5.walmartimages.com/asr/c7ea8c04-028a-4aa3-ab04-25fd937feccb.083ffff3354d7b6fcbf3f2d6f4c9f102.jpeg?odnHeight=180&odnWidth=180&odnBg=ffffff,Franklin Sports Vibe Micro 3 Ball Set
127,Hunting,https://i5.walmartimages.com/asr/6d6fb647-7c35-4851-b2d6-202b21beec4c.30e3075a2932d5399fa4b7ea7d618c7f.jpeg?odnHeight=180&odnWidth=180&odnBg=ffffff,"Gatorade Thirst Quencher, Cool Blue Sports Drinks, 12 fl oz, 12 Count Bottles"
128,Hunting,https://i5.walmartimages.com/seo/Dart-Board-Games-Kids-Ideal-Indoor-Party-28-3Inches-Safe-16-Sticky-Balls-Best-Sport-Toys-Gifts-3-4-5-6-7-8-9-Years-Old-Boys-Girls_16402ec6-fdf2-4a8b-822d-d6942d637960.09a6fe4ebd5121de955d2e252d0a3225.jpeg?odnHeight=180&odnWidth=180&odnBg=fffff,"Dart Board Games for Kids,Ideal Indoor and Party Games 28.3Inches Safe Dart Board with 16 Sticky Balls, Best Sport Toys Gifts for 3 4 5 6 7 8 9+ Years Old Boys and Girls"
129,Hunting,https://i5.walmartimages.com/asr/4c191919-6961-419f-87ba-55b0874c76e3_2.f65dc2b26c5708eccbb482c108f5149d.jpeg?odnHeight=180&odnWidth=180&odnBg=ffffff,Franklin Sports Stadium Pong - Perfect Target Toss Pong Game for Beach & Backyard Fun
130,Hunting,https://i5.walmartimages.com/asr/7ed0a8c7-ebd1-4c3a-9ff0-c20fd905f02a.2de05cca1436e573801562a40cd4f2c3.jpeg?odnHeight=180&odnWidth=180&odnBg=ffffff,"Gatorade Zero Sugar Thirst Quencher, Glacier Cherry Sports Drinks, 20 fl oz, 8 Count Bottles"
131,Hunting,https://i5.walmartimages.com/asr/43ef326a-1697-4d6e-a18b-a69b735a4f7c.cf1ef1e4f1beac920281217592935ce9.jpeg?odnHeight=180&odnWidth=180&odnBg=ffffff,"Gatorade Zero Sugar Thirst Quencher, Grape Sports Drinks, 12 fl oz, 12 Count Bottles"
132,Hunting,https://i5.walmartimages.com/asr/360af256-79cb-4ebf-86a1-78370b3df85d.784e207dd311890a3d1f984767fd3d25.jpeg?odnHeight=180&odnWidth=180&odnBg=ffffff,"Gatorade Zero Sugar Thirst Quencher Variety Pack Sports Drinks, 12 fl oz, 18 Count Bottles"
133,Hunting,https://i5.walmartimages.com/asr/5b0368b7-ee42-42c6-b95f-2b88584076bf.f5f4c96ac72b483b5eee4fb4724db09c.jpeg?odnHeight=180&odnWidth=180&odnBg=ffffff,"Franklin Sports Soccer Ball, Size 4"
134,Hunting,https://i5.walmartimages.com/seo/ToyVelt-Punching-Bag-Boxing-Set-for-Kids_0c598cec-6f1f-4e6a-825d-cf442eae9104.02413b4d767bf02c76770c59f2658864.jpeg?odnHeight=180&odnWidth=180&odnBg=fffff,ToyVelt Punching Bag Boxing Set for Kids
135,Hunting,https://i5.walmartimages.com/seo/Lifetime-Adjustable-Portable-Basketball-Hoop-44-inch-HDPE-Plastic-Impact-90759_a7aa5d03-79ac-4b31-9c83-8c9fabcf90a0.898a9199c3a84b539ebc4a2596861e70.jpeg?odnHeight=180&odnWidth=180&odnBg=fffff,"Lifetime Adjustable Portable Basketball Hoop, 44 inch HDPE Plastic Impact® (90759)"
136,Hunting,https://i5.walmartimages.com/asr/2efedf51-de5b-4f95-9433-33b6a0ee3483.968a6e02d2cfc6a2a94766fe84d96d83.jpeg?odnHeight=180&odnWidth=180&odnBg=ffffff,Franklin Sports Pro Hoops Basketball
137,Hunting,https://i5.walmartimages.com/seo/Franklin-Sports-MLS-Tornado-Soccer-Ball-Official-Size-5-Soccer-Ball-Soft-Cover-Official-Size-and-Weight-Soccer-Ball-Air-Pump-Included_1e2cf663-9667-448f-b44c-4de76cb4d83e.fd8ea1af5b2fd6ab91720e0d30219d48.jpeg?odnHeight=180&odnWidth=180&odnBg=fffff,Franklin Sports MLS Tornado Soccer Ball - Official Size 5 Soccer Ball - Soft Cover - Official Size and Weight Soccer Ball - Air Pump Included
138,Hunting,https://i5.walmartimages.com/asr/e868bad5-e05b-4abf-aa27-e3fe1ce196d0.2615e8e57c3666e27361fe27201b8037.jpeg?odnHeight=180&odnWidth=180&odnBg=ffffff,"VTech Count & Win Sports Center, Basketball and Soccer Toy for Toddlers, Teaches Physical Activity"
139,Hunting,https://i5.walmartimages.com/seo/Champion-Sports-12-lb-Iron-Shot-Put_93e9d13a-3bde-49a8-b2e5-3d844ab82b57.b8b5ae1e3f5794cce181a271db63cd27.jpeg?odnHeight=180&odnWidth=180&odnBg=fffff,Champion Sports 12 lb Iron Shot Put
140,Hunting,https://i5.walmartimages.com/asr/a2b9d763-500e-41b2-ae01-d169fc1e2959.c6ee948bc0922b7d1ac081a967d51860.jpeg?odnHeight=180&odnWidth=180&odnBg=ffffff,MD Sports Inflatable Warrior Jousting Lawn and Water Challenge
141,Hunting,https://i5.walmartimages.com/seo/Lifetime-Adjustable-Portable-Basketball-Hoop-44-inch-HDPE-Plastic-Impact-90759_a7aa5d03-79ac-4b31-9c83-8c9fabcf90a0.898a9199c3a84b539ebc4a2596861e70.jpeg?odnHeight=180&odnWidth=180&odnBg=fffff,"Lifetime Adjustable Portable Basketball Hoop, 44 inch HDPE Plastic Impact® (90759)"
142,Hunting,https://i5.walmartimages.com/asr/e868bad5-e05b-4abf-aa27-e3fe1ce196d0.2615e8e57c3666e27361fe27201b8037.jpeg?odnHeight=180&odnWidth=180&odnBg=ffffff,"VTech Count & Win Sports Center, Basketball and Soccer Toy for Toddlers, Teaches Physical Activity"
143,Hunting,https://i5.walmartimages.com/seo/Franklin-Sports-MLS-Tornado-Soccer-Ball-Official-Size-5-Soccer-Ball-Soft-Cover-Official-Size-and-Weight-Soccer-Ball-Air-Pump-Included_1e2cf663-9667-448f-b44c-4de76cb4d83e.fd8ea1af5b2fd6ab91720e0d30219d48.jpeg?odnHeight=180&odnWidth=180&odnBg=fffff,Franklin Sports MLS Tornado Soccer Ball - Official Size 5 Soccer Ball - Soft Cover - Official Size and Weight Soccer Ball - Air Pump Included
144,Hunting,https://i5.walmartimages.com/seo/Champion-Sports-12-lb-Iron-Shot-Put_93e9d13a-3bde-49a8-b2e5-3d844ab82b57.b8b5ae1e3f5794cce181a271db63cd27.jpeg?odnHeight=180&odnWidth=180&odnBg=fffff,Champion Sports 12 lb Iron Shot Put
145,Hunting,https://i5.walmartimages.com/asr/49caeca8-0916-4820-8227-2c275d0c0bf1.8ed1f7a60ffb7849af8763f2ab6c6ede.jpeg?odnHeight=180&odnWidth=180&odnBg=ffffff,"Nerf Pro Grip Classic Foam Football, Easy to Catch and Throw, Indoor Outdoor"
146,Hunting,https://i5.walmartimages.com/asr/40d59892-64e6-443c-a688-d8a9080e045d.c3d63b70794e8e19d9e9a9642d32abf1.jpeg?odnHeight=180&odnWidth=180&odnBg=ffffff,"Gatorade Thirst Quencher, Orange Sports Drinks, 20 fl oz, 8 Count Bottles"
147,Hunting,https://i5.walmartimages.com/seo/99-Speed-Muscle-Massage-Gun-Deep-Tissue-Massager-Pain-Relief-Handheld-Electric-Body-Sports-Drill-Portable-Super-Quiet-Brushless-Motor_42b77033-4684-4d74-8081-add32b233697.55c129226e29c3ec5e081ad1c5589a8e.jpeg?odnHeight=180&odnWidth=180&odnBg=fffff,"99 Speed Muscle Massage Gun, Deep Tissue Muscle Massager for Pain Relief, Handheld Electric Body Massager Sports Drill Portable Super Quiet Brushless Motor"
148,Hunting,https://i5.walmartimages.com/seo/Spalding-Max-Grip-TF-Indoor-Outdoor-Basketball-29-5-In_7e6fb21f-03fe-41ab-9b02-56dab4a29366.ffc0a1c9873f7c397ee7c52e4259ccf0.jpeg?odnHeight=180&odnWidth=180&odnBg=fffff,Spalding Max Grip TF Indoor-Outdoor Basketball 29.5 In.
149,Hunting,https://i5.walmartimages.com/asr/de190eb3-9a09-45dc-a5d5-56e1555f18e3.540bd5b13e9aa6d9b69358884d0f53a0.jpeg?odnHeight=180&odnWidth=180&odnBg=ffffff,"Gatorade Zero Sugar Thirst Quencher, Glacier Freeze Sports Drinks, 20 fl oz, 8 Count Bottles"
150,Hunting,https://i5.walmartimages.com/asr/66cb61e2-cc65-4a27-bf39-a18abac42861_1.e87a207657b55eddfd4a371f6efcd75b.jpeg?odnHeight=180&odnWidth=180&odnBg=ffffff,"GoSports Indoor / Outdoor Rubber Size 7 Basketball - 29.5"" Basketball 6 Pack, Includes Pump and Tote"
151,Hunting,https://i5.walmartimages.com/asr/ee3f6b26-38a1-4c4f-8d4c-0ab1699edd4d.40bd1cb8f281b1d8706ea9f6628f76a9.jpeg?odnHeight=180&odnWidth=180&odnBg=ffffff,Franklin Sports Inflatable Baseball Target
152,Hunting,https://i5.walmartimages.com/asr/92f05e37-8858-4f10-9573-ad95035869f1.957fa3b37050f48c78c66ae291e429df.jpeg?odnHeight=180&odnWidth=180&odnBg=ffffff,"Gatorade Zero Sugar Thirst Quencher, Fruit Punch Sports Drinks, 12 fl oz, 12 Count Bottles"
153,Hunting,https://i5.walmartimages.com/asr/9396dc8d-b0d0-4c74-a8a6-94a50ebcf543_1.883411bebe4c8a598563ade6fa652d79.jpeg?odnHeight=180&odnWidth=180&odnBg=ffffff,"Light Up Football, Best Brands, Football, Toss Ball"
154,Hunting,https://i5.walmartimages.com/asr/e8daafa5-8c8b-461d-96e7-8ac6669b3a61.58b91ecaef97aced915e8ce364755aad.jpeg?odnHeight=180&odnWidth=180&odnBg=ffffff,"HTB Hover Soccer Ball, 4-in-1 Hover Hockey Ball Bowling Set for Kids, Indoor and Outdoor Sports Games Toys for Kids Ages 3 4 5 6 7 8-12 - Rechargeable LED Soccer Games Toys for 3-12 Year Old Boys"
155,Hunting,https://i5.walmartimages.com/asr/0099b16b-3cf4-41f0-bf05-a830d6646ce7.da4b59e1c35c20f0a56ee6e48a938ba1.png?odnHeight=180&odnWidth=180&odnBg=ffffff,"Cellucor C4 Ripped Super Sport Pre-Workout Powder, Fruit Punch, Energy, 30 Servings"
156,Hunting,https://i5.walmartimages.com/asr/6eeaac75-353a-4b79-8496-de4d502fa82b.26929c557156c040ab2b9a5224f65156.jpeg?odnHeight=180&odnWidth=180&odnBg=ffffff,Franklin Sports Baseball Target IndoorPitch Game
157,Hunting,https://i5.walmartimages.com/seo/Costway-Jumbo-4-to-Score-4-in-A-Row-Giant-Game-Set-for-Family-Green_0f7eef64-cb44-4753-b15b-ca8e5363e3a5.76a400aadb231fa2cbb1da1af017e599.jpeg?odnHeight=180&odnWidth=180&odnBg=fffff,Costway Jumbo 4-to-Score 4 in A Row Giant Game Set for Family Green
158,Hunting,https://i5.walmartimages.com/seo/Echelon-Connect-Sport-Indoor-Cycling-Exercise-Bike-30-Day-Free-Membership-Trial_80355027-6a66-48d3-9f3e-ebc78d9c5031.a1bae848fe0babffa65df1fadedf0b9c.png?odnHeight=180&odnWidth=180&odnBg=fffff,Echelon Connect Sport Indoor Cycling Exercise Bike + 30-Day Free Membership Trial
159,Hunting,https://i5.walmartimages.com/asr/12957ef9-97c7-4813-b560-05dbb9ebad2b.ce2896cc7efbf16d224c5b095741a1a4.jpeg?odnHeight=180&odnWidth=180&odnBg=ffffff,Portable Basketball Hoop Goal Basketball Hoop System Height Adjustable 7 ft. 6 in. - 10 ft. with 44 inch Indoor Outdoor PVC Backboard Material
160,Hunting,https://i5.walmartimages.com/seo/Venum-Classic-Punching-Bag-70-lb-Black-White-Heavy-Bag-Kit-48-Inches-Assembled-Length_e865f9a2-dd64-4f84-9f78-22660eb759f6.fefc267a746a7c1e368b521d95b2ab2c.jpeg?odnHeight=180&odnWidth=180&odnBg=fffff,Venum Classic Punching Bag - 70 lb - Black/White - Heavy Bag Kit - 48 Inches Assembled Length
161,Hunting,https://i5.walmartimages.com/asr/92dd207f-9b31-42bf-9b19-427d225d8e44.133c1e40d14b8000d54aae235dd2e8e6.jpeg?odnHeight=180&odnWidth=180&odnBg=ffffff,"Franklin Sports Mystic Volleyball, Outdoor + Beach Volleyball, Backyard And Beach Volleyball Ball Set, Synthetic Leather Cushioned, Air Pump Included"
162,Hunting,https://i5.walmartimages.com/seo/Women-s-Genie-Bra-TM-3-Pack-of-Comfort-Sports-Bras_d3616e2e-8169-4246-a863-c0c51bb60dbf_1.880159ff233a85df0a09c0a8fcf51c66.jpeg?odnHeight=180&odnWidth=180&odnBg=fffff,Women's Genie Bra (TM) 3 Pack of Comfort Sports Bras
163,Hunting,https://i5.walmartimages.com/asr/041135d3-58fd-4762-8a61-be822e0b5e5e_2.c08f58ccec1be1468798a581671fe759.jpeg?odnHeight=180&odnWidth=180&odnBg=ffffff,Franklin Sports Playground Balls - 6 Pack Rubber Kickballs + Dodgeballs
164,Hunting,https://i5.walmartimages.com/asr/a41e4fb1-abb2-4092-b81f-599c3c40abdc.c0db8ffebccf1b7d4d54f0ef3eb37912.jpeg?odnHeight=180&odnWidth=180&odnBg=ffffff,"Sportspower Inflatable Thunder Bubble Soccer with Handles for Kids, 2 Pack"
165,Hunting,https://i5.walmartimages.com/asr/49707721-3019-42e6-8038-ec0e2f019427.25ef6537f0e2819b55d355e57721934a.jpeg?odnHeight=180&odnWidth=180&odnBg=ffffff,"Nerf 5"" Foam Soccer Ball  - Soft Soccer Ball - Yellow - Nerf Soccer"
166,Hunting,https://i5.walmartimages.com/seo/Franklin-Sports-Blackhawk-Soccer-Ball-Size-5_507772aa-990e-4b09-a62d-ae2f33caf973_1.1375cefccf47129d007a03c587ebead3.jpeg?odnHeight=180&odnWidth=180&odnBg=fffff,Franklin Sports Blackhawk Soccer Ball - Size 5
167,Hunting,https://i5.walmartimages.com/seo/POOBOO-Indoor-Cycling-Bike-Exercise-Bluetooth-Stationary-Heavy-duty-Flywheel-Silent-Magnetic-Resistance-100-Levels-Home-Gym_7287e599-3bc8-4361-9048-bd7cb9636d40.8ce0e9779d050c36d795dde8f574121f.jpeg?odnHeight=180&odnWidth=180&odnBg=fffff,POOBOO Indoor Cycling Bike Exercise Bike Bluetooth Stationary Bike Heavy-duty Flywheel with Silent Magnetic Resistance 100 Levels for Home Gym Exercise
168,Hunting,https://i5.walmartimages.com/seo/Costway-Jumbo-4-to-Score-4-in-A-Row-Giant-Game-Set-Indoor-Outdoor-Adults-Kids-Family-Fun_d85f39ad-193b-46f6-8cd7-4d8fc87ef139.39fb9cfc05666e5c9b9374e2b26954b0.jpeg?odnHeight=180&odnWidth=180&odnBg=fffff,Costway Jumbo 4-to-Score 4 in A Row Giant Game Set Indoor Outdoor Adults Kids Family Fun
169,Hunting,https://i5.walmartimages.com/seo/Foldable-Arcade-Basketball-Game-Kids-BTMWAY-Dual-Shot-Electronic-Hoop-Indoor-Pinball-Machine-Timer-Scoreboard-6-Balls-8-Modes-Double-Mode-2-Players_83478b1d-dd49-4074-b97c-edef84abe078.a456fe49d5f748c08550edae03bbbfad.jpeg?odnHeight=180&odnWidth=180&odnBg=fffff,"Foldable Arcade Basketball Game for Kids, BTMWAY Dual Shot Electronic Basketball Hoop Indoor, Pinball Machine with Shot Timer | Basketball Scoreboard | 6 Balls - 8 Game Modes（Double Mode 2 Players）"
170,Hunting,https://i5.walmartimages.com/seo/Franklin-Sports-Bocce-Set-6-All-Weather-Bocce-Balls-and-1-Pallino-Beach-Backyard-or-Party-Outdoor-Game-Family-Fun-For-All-Ages-Starter-Set_88924949-3cb4-4507-be96-9541af203900_1.1c6c77db1b9dc577c95ac2efa2d83c43.jpeg?odnHeight=180&odnWidth=180&odnBg=fffff,"Franklin Sports Bocce Set - 6 All Weather Bocce Balls and 1 Pallino - Beach, Backyard, or Party Outdoor Game - Family Fun For All Ages - Starter Set"
171,Hunting,https://i5.walmartimages.com/asr/ad3e4dcc-ece6-40ba-b008-79f7cf2ad8f4.5867116202bae8b80c5b4a39c10ebbf8.jpeg?odnHeight=180&odnWidth=180&odnBg=ffffff,Franklin Sports All Weather Size 3 Soccer Ball Blue White & Black Print NEW
172,Hunting,https://i5.walmartimages.com/asr/4562ed2a-8366-4132-9128-6f08dc050a6f_1.9509f7e3ea7025cc309a12481d0a7f70.jpeg?odnHeight=180&odnWidth=180&odnBg=ffffff,GoSports 7 inch Mini Basketball - 3 Pack with Premium Pump
173,Hunting,https://i5.walmartimages.com/asr/1b071058-0109-4a2c-956f-c26b927e9079.b9530b545d4bbcbacbbeb0bd64c7ee17.jpeg?odnHeight=180&odnWidth=180&odnBg=ffffff,Franklin Sports Vibe Micro 3 Ball Set
174,Hunting,https://i5.walmartimages.com/asr/0b64d8dc-4087-4ca0-b1df-bde89aa149c9.91c0f63309531ff712089a4a5381ca45.jpeg?odnHeight=180&odnWidth=180&odnBg=ffffff,Franklin Sports X-40 Outdoor Pickleballs
175,Hunting,https://i5.walmartimages.com/asr/6aae5281-6e09-4971-8e28-fddb4197c003_1.2508f1197808f038dfe58ca070b6537f.jpeg?odnHeight=180&odnWidth=180&odnBg=ffffff,Nerf Sports Weather Blitz Football
176,Hunting,https://i5.walmartimages.com/asr/ab981b2d-688d-4336-ac70-1f1d350cd183_1.598de2c6f33e2a07b8e4a0856b7b0111.jpeg?odnHeight=180&odnWidth=180&odnBg=ffffff,Martin Sports SHOT PUTS-16 LBS
177,Hunting,https://i5.walmartimages.com/asr/3e66b3f9-f52a-4f29-8747-432207d5a42b.e1235c2105394f82571a30e3f173c7c3.jpeg?odnHeight=180&odnWidth=180&odnBg=ffffff,"Nerf Jumbo Badminton Set, Includes 2 Oversized Racquets, Ball, and Birdie"
178,Hunting,https://i5.walmartimages.com/asr/df3d72c4-da35-4616-84eb-c1fb1bbaf1c9.ac828ed0db8c63e5184bee575180e757.jpeg?odnHeight=180&odnWidth=180&odnBg=ffffff,2023 Panini Prizm Football Blaster Box Trading Cards
179,Hunting,https://i5.walmartimages.com/asr/1a5df3b1-60f2-4a96-b55b-25571ace6db4.822fbe30312d14febfc628e930b336b2.jpeg?odnHeight=180&odnWidth=180&odnBg=ffffff,KINREX 4 PC Sports Ball Set - Set Of Soft Sports Balls For Kids
180,Hunting,https://i5.walmartimages.com/asr/3319dc4b-cb7f-407b-a94e-e813ecfa5a42.698c90996f59ccf9fb6d26915c27b17e.jpeg?odnHeight=180&odnWidth=180&odnBg=ffffff,Playday Blue Big Bat and Ball fun for all ages
181,Hunting,https://i5.walmartimages.com/asr/d61fe02e-e747-4b55-815a-3c356ea5768d.ca4fc09b93ae6a7b4dc3b232f9bad487.jpeg?odnHeight=180&odnWidth=180&odnBg=ffffff,Rubber Outdoor Hand Sports Balls for Kids Wrist Bouncy Throwing Vent Toy Chidrens Toys 6cm Tennis Child Pcs
182,Hunting,https://i5.walmartimages.com/asr/791303b0-10ff-4797-af3e-97135275c73f_1.d93c28be5a865259326fb57ce6337a35.jpeg?odnHeight=180&odnWidth=180&odnBg=ffffff,"GoSports Xtreme Flight Footballs 6 Pack, 9 Rubber Inflatable Footballs"
183,Hunting,https://i5.walmartimages.com/seo/Athletic-Works-Men-s-and-Big-Men-s-Active-Mesh-Shorts-9-Inseam-Sizes-XS-5XL_c738702a-b265-4626-83c0-c8981869a2fb.bc2e745ff98bf1c851bd2349671e166c.jpeg?odnHeight=180&odnWidth=180&odnBg=fffff,"Athletic Works Men's and Big Men's Active Mesh Shorts, 9"" Inseam, Sizes XS-5XL"
184,Hunting,https://i5.walmartimages.com/asr/8d53eebe-4dab-422a-9cf0-18bff8cbe1d5.b03e4bfc5da8732b37422f8759a309f1.png?odnHeight=180&odnWidth=180&odnBg=ffffff,"Cellucor C4 Super Sport Pre-Workout Powder, Watermelon, Energy, Strength & Power, 30 Servings"
185,Hunting,https://i5.walmartimages.com/asr/1b071058-0109-4a2c-956f-c26b927e9079.b9530b545d4bbcbacbbeb0bd64c7ee17.jpeg?odnHeight=180&odnWidth=180&odnBg=ffffff,Franklin Sports Vibe Micro 3 Ball Set
186,Hunting,https://i5.walmartimages.com/asr/c1432f78-daf5-4c75-9bc3-0e637efc62d9.69a4bc450c9b24b33a98ae5ba0fbb7a0.jpeg?odnHeight=180&odnWidth=180&odnBg=ffffff,Spalding 54 inch Shatter-proof Polycarbonate Exacta Height Portable Basketball Hoop System
